{"cameraMode":{"drawMode":0,"name":"Shaded","section":"Shading Mode"},"sceneLighting":true,"audioPlay":false,"sceneViewState":{"m_AlwaysRefresh":false,"showFog":true,"showSkybox":true,"showFlares":true,"showImageEffects":true,"showParticleSystems":true,"showVisualEffectGraphs":true,"m_FxEnabled":true},"in2DMode":false,"pivot":{"x":-0.2935294508934021,"y":4.937015056610107,"z":10.297067642211914},"rotation":{"x":0.07219696044921875,"y":0.8685769438743591,"z":-0.13288073241710664,"w":0.47191643714904787},"size":0.4510393738746643,"orthographic":false}